{
  "phase": 2,
  "split": {
    "test_size": 0.2,
    "random_state": 42,
    "cv_folds": 5,
    "scoring": "f1_macro"
  },
  "results": {
    "DecisionTree": {
      "model_name": "DecisionTree",
      "best_params": {
        "max_depth": 5,
        "min_samples_split": 10
      },
      "cv_best_score": 0.6062105654092911,
      "accuracy_test": 0.725,
      "f1_macro_test": 0.7229938271604938,
      "confusion_matrix": [
        [
          11,
          1,
          3
        ],
        [
          0,
          7,
          4
        ],
        [
          1,
          2,
          11
        ]
      ],
      "classification_report": {
        "ASD": {
          "precision": 0.9166666666666666,
          "recall": 0.7333333333333333,
          "f1-score": 0.8148148148148148,
          "support": 15.0
        },
        "Controls": {
          "precision": 0.7,
          "recall": 0.6363636363636364,
          "f1-score": 0.6666666666666666,
          "support": 11.0
        },
        "GDD": {
          "precision": 0.6111111111111112,
          "recall": 0.7857142857142857,
          "f1-score": 0.6875,
          "support": 14.0
        },
        "accuracy": 0.725,
        "macro avg": {
          "precision": 0.7425925925925926,
          "recall": 0.7184704184704184,
          "f1-score": 0.7229938271604938,
          "support": 40.0
        },
        "weighted avg": {
          "precision": 0.7501388888888889,
          "recall": 0.725,
          "f1-score": 0.7295138888888888,
          "support": 40.0
        }
      }
    },
    "RandomForest": {
      "model_name": "RandomForest",
      "best_params": {
        "max_depth": 10,
        "n_estimators": 300
      },
      "cv_best_score": 0.7230368903218547,
      "accuracy_test": 0.625,
      "f1_macro_test": 0.6185997910135841,
      "confusion_matrix": [
        [
          12,
          0,
          3
        ],
        [
          0,
          6,
          5
        ],
        [
          2,
          5,
          7
        ]
      ],
      "classification_report": {
        "ASD": {
          "precision": 0.8571428571428571,
          "recall": 0.8,
          "f1-score": 0.8275862068965517,
          "support": 15.0
        },
        "Controls": {
          "precision": 0.5454545454545454,
          "recall": 0.5454545454545454,
          "f1-score": 0.5454545454545454,
          "support": 11.0
        },
        "GDD": {
          "precision": 0.4666666666666667,
          "recall": 0.5,
          "f1-score": 0.4827586206896552,
          "support": 14.0
        },
        "accuracy": 0.625,
        "macro avg": {
          "precision": 0.6230880230880231,
          "recall": 0.6151515151515151,
          "f1-score": 0.6185997910135841,
          "support": 40.0
        },
        "weighted avg": {
          "precision": 0.6347619047619046,
          "recall": 0.625,
          "f1-score": 0.6293103448275863,
          "support": 40.0
        }
      }
    },
    "SVC": {
      "model_name": "SVC",
      "best_params": {
        "svc__C": 0.1,
        "svc__kernel": "linear"
      },
      "cv_best_score": 0.6971839458109482,
      "accuracy_test": 0.65,
      "f1_macro_test": 0.6518037518037518,
      "confusion_matrix": [
        [
          11,
          0,
          4
        ],
        [
          0,
          7,
          4
        ],
        [
          2,
          4,
          8
        ]
      ],
      "classification_report": {
        "ASD": {
          "precision": 0.8461538461538461,
          "recall": 0.7333333333333333,
          "f1-score": 0.7857142857142857,
          "support": 15.0
        },
        "Controls": {
          "precision": 0.6363636363636364,
          "recall": 0.6363636363636364,
          "f1-score": 0.6363636363636364,
          "support": 11.0
        },
        "GDD": {
          "precision": 0.5,
          "recall": 0.5714285714285714,
          "f1-score": 0.5333333333333333,
          "support": 14.0
        },
        "accuracy": 0.65,
        "macro avg": {
          "precision": 0.6608391608391608,
          "recall": 0.647041847041847,
          "f1-score": 0.6518037518037518,
          "support": 40.0
        },
        "weighted avg": {
          "precision": 0.6673076923076924,
          "recall": 0.65,
          "f1-score": 0.6563095238095238,
          "support": 40.0
        }
      }
    },
    "KNN": {
      "model_name": "KNN",
      "best_params": {
        "knn__n_neighbors": 5,
        "knn__weights": "distance"
      },
      "cv_best_score": 0.6023988638055134,
      "accuracy_test": 0.625,
      "f1_macro_test": 0.6257228528592846,
      "confusion_matrix": [
        [
          11,
          0,
          4
        ],
        [
          0,
          7,
          4
        ],
        [
          2,
          5,
          7
        ]
      ],
      "classification_report": {
        "ASD": {
          "precision": 0.8461538461538461,
          "recall": 0.7333333333333333,
          "f1-score": 0.7857142857142857,
          "support": 15.0
        },
        "Controls": {
          "precision": 0.5833333333333334,
          "recall": 0.6363636363636364,
          "f1-score": 0.6086956521739131,
          "support": 11.0
        },
        "GDD": {
          "precision": 0.4666666666666667,
          "recall": 0.5,
          "f1-score": 0.4827586206896552,
          "support": 14.0
        },
        "accuracy": 0.625,
        "macro avg": {
          "precision": 0.632051282051282,
          "recall": 0.6232323232323232,
          "f1-score": 0.6257228528592846,
          "support": 40.0
        },
        "weighted avg": {
          "precision": 0.6410576923076923,
          "recall": 0.625,
          "f1-score": 0.6309996787320624,
          "support": 40.0
        }
      }
    }
  }
}